,danceability,energy,key,loudness,mode,speechiness,acousticness,instrumentalness,liveness,valence,tempo,type,id,uri,track_href,analysis_url,duration_ms,time_signature
0,0.745,0.401,9,-8.66,1,0.0408,0.219,0.0,0.0894,0.224,122.007,audio_features,14kjWCINmSIbQ1rajcts6j,spotify:track:14kjWCINmSIbQ1rajcts6j,https://api.spotify.com/v1/tracks/14kjWCINmSIbQ1rajcts6j,https://api.spotify.com/v1/audio-analysis/14kjWCINmSIbQ1rajcts6j,227301,4
1,0.67,0.668,3,-4.306,0,0.0422,0.536,0.0,0.133,0.608,88.033,audio_features,0bMbDctzMmTyK2j74j3nF3,spotify:track:0bMbDctzMmTyK2j74j3nF3,https://api.spotify.com/v1/tracks/0bMbDctzMmTyK2j74j3nF3,https://api.spotify.com/v1/audio-analysis/0bMbDctzMmTyK2j74j3nF3,179053,4
2,0.889,0.34,11,-7.773,0,0.0697,0.218,0.13,0.055,0.716,94.009,audio_features,54bFM56PmE4YLRnqpW6Tha,spotify:track:54bFM56PmE4YLRnqpW6Tha,https://api.spotify.com/v1/tracks/54bFM56PmE4YLRnqpW6Tha,https://api.spotify.com/v1/audio-analysis/54bFM56PmE4YLRnqpW6Tha,174321,4
3,0.737,0.802,0,-4.771,1,0.0878,0.468,0.0,0.0931,0.682,144.015,audio_features,35mvY5S1H3J2QZyna3TFe0,spotify:track:35mvY5S1H3J2QZyna3TFe0,https://api.spotify.com/v1/tracks/35mvY5S1H3J2QZyna3TFe0,https://api.spotify.com/v1/audio-analysis/35mvY5S1H3J2QZyna3TFe0,172325,4
4,0.731,0.573,4,-10.059,0,0.0544,0.401,5.22e-05,0.113,0.145,109.928,audio_features,47EiUVwUp4C9fGccaPuUCS,spotify:track:47EiUVwUp4C9fGccaPuUCS,https://api.spotify.com/v1/tracks/47EiUVwUp4C9fGccaPuUCS,https://api.spotify.com/v1/audio-analysis/47EiUVwUp4C9fGccaPuUCS,205090,4
5,0.8,0.658,1,-6.142,0,0.079,0.25,0.0,0.111,0.462,140.042,audio_features,7hxHWCCAIIxFLCzvDgnQHX,spotify:track:7hxHWCCAIIxFLCzvDgnQHX,https://api.spotify.com/v1/tracks/7hxHWCCAIIxFLCzvDgnQHX,https://api.spotify.com/v1/audio-analysis/7hxHWCCAIIxFLCzvDgnQHX,195429,4
6,0.823,0.586,6,-6.606,0,0.2,0.114,0.0,0.193,0.347,125.971,audio_features,0PvFJmanyNQMseIFrU708S,spotify:track:0PvFJmanyNQMseIFrU708S,https://api.spotify.com/v1/tracks/0PvFJmanyNQMseIFrU708S,https://api.spotify.com/v1/audio-analysis/0PvFJmanyNQMseIFrU708S,190476,4
7,0.83,0.585,0,-6.476,1,0.094,0.237,0.0,0.248,0.485,109.978,audio_features,6Im9k8u9iIzKMrmV7BWtlF,spotify:track:6Im9k8u9iIzKMrmV7BWtlF,https://api.spotify.com/v1/tracks/6Im9k8u9iIzKMrmV7BWtlF,https://api.spotify.com/v1/audio-analysis/6Im9k8u9iIzKMrmV7BWtlF,173711,4
8,0.487,0.534,0,-5.664,0,0.0555,0.36,0.0,0.1,0.173,131.798,audio_features,3UoULw70kMsiVXxW0L3A33,spotify:track:3UoULw70kMsiVXxW0L3A33,https://api.spotify.com/v1/tracks/3UoULw70kMsiVXxW0L3A33,https://api.spotify.com/v1/audio-analysis/3UoULw70kMsiVXxW0L3A33,201882,4
9,0.935,0.454,1,-7.509,1,0.375,0.0194,0.0,0.0824,0.357,133.073,audio_features,4Oun2ylbjFKMPTiaSbbCih,spotify:track:4Oun2ylbjFKMPTiaSbbCih,https://api.spotify.com/v1/tracks/4Oun2ylbjFKMPTiaSbbCih,https://api.spotify.com/v1/audio-analysis/4Oun2ylbjFKMPTiaSbbCih,187541,4
10,0.709,0.548,10,-8.493,1,0.353,0.65,1.59e-06,0.133,0.543,83.995,audio_features,1tkg4EHVoqnhR6iFEXb60y,spotify:track:1tkg4EHVoqnhR6iFEXb60y,https://api.spotify.com/v1/tracks/1tkg4EHVoqnhR6iFEXb60y,https://api.spotify.com/v1/audio-analysis/1tkg4EHVoqnhR6iFEXb60y,160000,4
11,0.761,0.518,0,-8.871,1,0.134,0.244,3.47e-05,0.107,0.522,133.976,audio_features,2SAqBLGA283SUiwJ3xOUVI,spotify:track:2SAqBLGA283SUiwJ3xOUVI,https://api.spotify.com/v1/tracks/2SAqBLGA283SUiwJ3xOUVI,https://api.spotify.com/v1/audio-analysis/2SAqBLGA283SUiwJ3xOUVI,261493,4
12,0.81,0.511,5,-6.924,0,0.164,0.12,0.0,0.0832,0.837,151.947,audio_features,6zFMeegAMYQo0mt8rXtrli,spotify:track:6zFMeegAMYQo0mt8rXtrli,https://api.spotify.com/v1/tracks/6zFMeegAMYQo0mt8rXtrli,https://api.spotify.com/v1/audio-analysis/6zFMeegAMYQo0mt8rXtrli,154998,4
13,0.794,0.756,5,-7.16,0,0.136,0.11,0.0,0.247,0.775,123.066,audio_features,4DuUwzP4ALMqpquHU0ltAB,spotify:track:4DuUwzP4ALMqpquHU0ltAB,https://api.spotify.com/v1/tracks/4DuUwzP4ALMqpquHU0ltAB,https://api.spotify.com/v1/audio-analysis/4DuUwzP4ALMqpquHU0ltAB,156498,4
14,0.625,0.814,0,-5.181,1,0.0657,0.0172,0.0,0.158,0.535,144.991,audio_features,2Y0wPrPQBrGhoLn14xRYCG,spotify:track:2Y0wPrPQBrGhoLn14xRYCG,https://api.spotify.com/v1/tracks/2Y0wPrPQBrGhoLn14xRYCG,https://api.spotify.com/v1/audio-analysis/2Y0wPrPQBrGhoLn14xRYCG,205485,4
15,0.336,0.627,7,-7.463,1,0.0384,0.164,0.0,0.0708,0.35,150.273,audio_features,0bYg9bo50gSsH3LtXe2SQn,spotify:track:0bYg9bo50gSsH3LtXe2SQn,https://api.spotify.com/v1/tracks/0bYg9bo50gSsH3LtXe2SQn,https://api.spotify.com/v1/audio-analysis/0bYg9bo50gSsH3LtXe2SQn,241107,4
16,0.399,0.491,6,-10.778,0,0.0538,0.0563,0.00089,0.11,0.151,91.066,audio_features,6AGOKlMZWLCaEJGnaROtF9,spotify:track:6AGOKlMZWLCaEJGnaROtF9,https://api.spotify.com/v1/tracks/6AGOKlMZWLCaEJGnaROtF9,https://api.spotify.com/v1/audio-analysis/6AGOKlMZWLCaEJGnaROtF9,210463,4
17,0.719,0.598,9,-6.254,1,0.077,0.232,0.0,0.115,0.303,142.592,audio_features,3qgPpwtuRu5oP8EtFSj8HE,spotify:track:3qgPpwtuRu5oP8EtFSj8HE,https://api.spotify.com/v1/tracks/3qgPpwtuRu5oP8EtFSj8HE,https://api.spotify.com/v1/audio-analysis/3qgPpwtuRu5oP8EtFSj8HE,126521,4
18,0.65,0.613,9,-6.13,0,0.128,0.00336,0.0,0.267,0.0804,149.972,audio_features,2U5WueTLIK5WJLD7mvDODv,spotify:track:2U5WueTLIK5WJLD7mvDODv,https://api.spotify.com/v1/tracks/2U5WueTLIK5WJLD7mvDODv,https://api.spotify.com/v1/audio-analysis/2U5WueTLIK5WJLD7mvDODv,194621,4
19,0.766,0.788,6,-3.128,0,0.312,0.105,5.81e-06,0.142,0.609,179.984,audio_features,0GzuHFG4Ql6DoyxFRnIk3F,spotify:track:0GzuHFG4Ql6DoyxFRnIk3F,https://api.spotify.com/v1/tracks/0GzuHFG4Ql6DoyxFRnIk3F,https://api.spotify.com/v1/audio-analysis/0GzuHFG4Ql6DoyxFRnIk3F,200482,4
20,0.702,0.825,6,-3.787,0,0.0601,0.00883,0.0,0.0674,0.915,102.977,audio_features,5nujrmhLynf4yMoMtj8AQF,spotify:track:5nujrmhLynf4yMoMtj8AQF,https://api.spotify.com/v1/tracks/5nujrmhLynf4yMoMtj8AQF,https://api.spotify.com/v1/audio-analysis/5nujrmhLynf4yMoMtj8AQF,203064,4
21,0.832,0.534,1,-7.813,0,0.253,0.345,0.0,0.165,0.116,93.924,audio_features,1VLtjHwRWOVJiE5Py7JxoQ,spotify:track:1VLtjHwRWOVJiE5Py7JxoQ,https://api.spotify.com/v1/tracks/1VLtjHwRWOVJiE5Py7JxoQ,https://api.spotify.com/v1/audio-analysis/1VLtjHwRWOVJiE5Py7JxoQ,132833,4
22,0.744,0.619,0,-9.805,1,0.039,0.598,0.00372,0.231,0.641,112.997,audio_features,7B3z0ySL9Rr0XvZEAjWZzM,spotify:track:7B3z0ySL9Rr0XvZEAjWZzM,https://api.spotify.com/v1/tracks/7B3z0ySL9Rr0XvZEAjWZzM,https://api.spotify.com/v1/audio-analysis/7B3z0ySL9Rr0XvZEAjWZzM,188387,4
23,0.589,0.472,8,-8.749,1,0.0502,0.614,0.0,0.505,0.898,67.196,audio_features,2EjXfH91m7f8HiJN1yQg97,spotify:track:2EjXfH91m7f8HiJN1yQg97,https://api.spotify.com/v1/tracks/2EjXfH91m7f8HiJN1yQg97,https://api.spotify.com/v1/audio-analysis/2EjXfH91m7f8HiJN1yQg97,126267,4
24,0.819,0.626,10,-4.574,0,0.202,0.00748,0.101,0.167,0.415,143.01,audio_features,5SWnsxjhdcEDc7LJjq9UHk,spotify:track:5SWnsxjhdcEDc7LJjq9UHk,https://api.spotify.com/v1/tracks/5SWnsxjhdcEDc7LJjq9UHk,https://api.spotify.com/v1/audio-analysis/5SWnsxjhdcEDc7LJjq9UHk,195906,4
25,0.711,0.598,3,-7.621,0,0.182,0.19,0.0,0.15,0.737,140.175,audio_features,5vGLcdRuSbUhD8ScwsGSdA,spotify:track:5vGLcdRuSbUhD8ScwsGSdA,https://api.spotify.com/v1/tracks/5vGLcdRuSbUhD8ScwsGSdA,https://api.spotify.com/v1/audio-analysis/5vGLcdRuSbUhD8ScwsGSdA,123429,4
26,0.487,0.65,0,-5.195,1,0.0253,0.191,0.0,0.0933,0.456,151.964,audio_features,6IBcOGPsniK3Pso1wHIhew,spotify:track:6IBcOGPsniK3Pso1wHIhew,https://api.spotify.com/v1/tracks/6IBcOGPsniK3Pso1wHIhew,https://api.spotify.com/v1/audio-analysis/6IBcOGPsniK3Pso1wHIhew,232533,4
27,0.752,0.658,0,-6.297,1,0.342,0.0421,0.0,0.0927,0.387,151.951,audio_features,0k7wmahjkn389wAZdz19Cv,spotify:track:0k7wmahjkn389wAZdz19Cv,https://api.spotify.com/v1/tracks/0k7wmahjkn389wAZdz19Cv,https://api.spotify.com/v1/audio-analysis/0k7wmahjkn389wAZdz19Cv,213520,4
28,0.904,0.723,11,-5.224,0,0.26,0.0631,0.0,0.185,0.835,145.013,audio_features,2MbdDtCv5LUVjYy9RuGTgC,spotify:track:2MbdDtCv5LUVjYy9RuGTgC,https://api.spotify.com/v1/tracks/2MbdDtCv5LUVjYy9RuGTgC,https://api.spotify.com/v1/audio-analysis/2MbdDtCv5LUVjYy9RuGTgC,227478,4
29,0.754,0.424,2,-8.463,1,0.0363,0.643,0.0,0.0652,0.806,119.705,audio_features,3hBXvHLlTHvnbwrPbeoyAj,spotify:track:3hBXvHLlTHvnbwrPbeoyAj,https://api.spotify.com/v1/tracks/3hBXvHLlTHvnbwrPbeoyAj,https://api.spotify.com/v1/audio-analysis/3hBXvHLlTHvnbwrPbeoyAj,130973,4
30,0.671,0.529,0,-7.226,1,0.307,0.0769,0.000335,0.0856,0.203,161.989,audio_features,4VXIryQMWpIdGgYR4TrjT1,spotify:track:4VXIryQMWpIdGgYR4TrjT1,https://api.spotify.com/v1/tracks/4VXIryQMWpIdGgYR4TrjT1,https://api.spotify.com/v1/audio-analysis/4VXIryQMWpIdGgYR4TrjT1,165820,4
31,0.731,0.675,5,-5.134,0,0.0434,0.00473,0.0,0.141,0.298,124.939,audio_features,7kDUspsoYfLkWnZR7qwHZl,spotify:track:7kDUspsoYfLkWnZR7qwHZl,https://api.spotify.com/v1/tracks/7kDUspsoYfLkWnZR7qwHZl,https://api.spotify.com/v1/audio-analysis/7kDUspsoYfLkWnZR7qwHZl,139461,4
32,0.735,0.478,2,-12.472,1,0.0293,0.189,2.48e-06,0.355,0.947,107.682,audio_features,2FRnf9qhLbvw8fu4IBXx78,spotify:track:2FRnf9qhLbvw8fu4IBXx78,https://api.spotify.com/v1/tracks/2FRnf9qhLbvw8fu4IBXx78,https://api.spotify.com/v1/audio-analysis/2FRnf9qhLbvw8fu4IBXx78,262960,4
33,0.525,0.621,7,-7.364,1,0.116,0.0489,0.0,0.294,0.591,191.9,audio_features,0lizgQ7Qw35od7CYaoMBZb,spotify:track:0lizgQ7Qw35od7CYaoMBZb,https://api.spotify.com/v1/tracks/0lizgQ7Qw35od7CYaoMBZb,https://api.spotify.com/v1/audio-analysis/0lizgQ7Qw35od7CYaoMBZb,204093,4
34,0.774,0.554,0,-7.909,1,0.0383,0.207,0.0,0.132,0.349,99.034,audio_features,22LAwLoDA5b4AaGSkg6bKW,spotify:track:22LAwLoDA5b4AaGSkg6bKW,https://api.spotify.com/v1/tracks/22LAwLoDA5b4AaGSkg6bKW,https://api.spotify.com/v1/audio-analysis/22LAwLoDA5b4AaGSkg6bKW,162547,4
35,0.511,0.566,6,-7.23,0,0.2,0.349,0.0,0.34,0.218,83.903,audio_features,285pBltuF7vW8TeWk8hdRR,spotify:track:285pBltuF7vW8TeWk8hdRR,https://api.spotify.com/v1/tracks/285pBltuF7vW8TeWk8hdRR,https://api.spotify.com/v1/audio-analysis/285pBltuF7vW8TeWk8hdRR,239836,4
36,0.828,0.492,0,-9.744,1,0.0276,0.0644,0.00428,0.128,0.789,120.151,audio_features,0ofHAoxe9vBkTCp2UQIavz,spotify:track:0ofHAoxe9vBkTCp2UQIavz,https://api.spotify.com/v1/tracks/0ofHAoxe9vBkTCp2UQIavz,https://api.spotify.com/v1/audio-analysis/0ofHAoxe9vBkTCp2UQIavz,257800,4
37,0.647,0.667,5,-5.563,1,0.304,0.231,0.0,0.133,0.704,172.08,audio_features,4Q34FP1AT7GEl9oLgNtiWj,spotify:track:4Q34FP1AT7GEl9oLgNtiWj,https://api.spotify.com/v1/tracks/4Q34FP1AT7GEl9oLgNtiWj,https://api.spotify.com/v1/audio-analysis/4Q34FP1AT7GEl9oLgNtiWj,193839,4
38,0.755,0.522,2,-4.368,1,0.0575,0.533,0.0,0.0685,0.925,89.96,audio_features,0RiRZpuVRbi7oqRdSMwhQY,spotify:track:0RiRZpuVRbi7oqRdSMwhQY,https://api.spotify.com/v1/tracks/0RiRZpuVRbi7oqRdSMwhQY,https://api.spotify.com/v1/audio-analysis/0RiRZpuVRbi7oqRdSMwhQY,157560,4
39,0.234,0.526,2,-11.656,1,0.0411,0.871,2.34e-06,0.122,0.649,201.739,audio_features,1IcR6RlgvDczfvoWJSSY2A,spotify:track:1IcR6RlgvDczfvoWJSSY2A,https://api.spotify.com/v1/tracks/1IcR6RlgvDczfvoWJSSY2A,https://api.spotify.com/v1/audio-analysis/1IcR6RlgvDczfvoWJSSY2A,151000,3
40,0.612,0.807,10,-2.81,1,0.0336,0.0495,0.0177,0.101,0.398,124.053,audio_features,2QjOHCTQ1Jl3zawyYOpxh6,spotify:track:2QjOHCTQ1Jl3zawyYOpxh6,https://api.spotify.com/v1/tracks/2QjOHCTQ1Jl3zawyYOpxh6,https://api.spotify.com/v1/audio-analysis/2QjOHCTQ1Jl3zawyYOpxh6,240400,4
41,0.816,0.63,2,-5.568,1,0.226,0.133,0.0,0.0692,0.715,96.493,audio_features,6LcauUZjF1eXQrgqMUecHX,spotify:track:6LcauUZjF1eXQrgqMUecHX,https://api.spotify.com/v1/tracks/6LcauUZjF1eXQrgqMUecHX,https://api.spotify.com/v1/audio-analysis/6LcauUZjF1eXQrgqMUecHX,131607,4
42,0.746,0.45,7,-8.543,1,0.0872,0.0407,0.0,0.172,0.336,95.998,audio_features,3GRSqlALWISqLeNncZMbpX,spotify:track:3GRSqlALWISqLeNncZMbpX,https://api.spotify.com/v1/tracks/3GRSqlALWISqLeNncZMbpX,https://api.spotify.com/v1/audio-analysis/3GRSqlALWISqLeNncZMbpX,232853,4
43,0.866,0.438,7,-8.943,1,0.0719,0.177,0.0,0.0743,0.695,129.039,audio_features,2W4yABdLc4Jnds67Poi5Nl,spotify:track:2W4yABdLc4Jnds67Poi5Nl,https://api.spotify.com/v1/tracks/2W4yABdLc4Jnds67Poi5Nl,https://api.spotify.com/v1/audio-analysis/2W4yABdLc4Jnds67Poi5Nl,223258,4
44,0.789,0.72,8,-5.652,0,0.218,0.223,0.0,0.129,0.664,122.031,audio_features,3H7ihDc1dqLriiWXwsc2po,spotify:track:3H7ihDc1dqLriiWXwsc2po,https://api.spotify.com/v1/tracks/3H7ihDc1dqLriiWXwsc2po,https://api.spotify.com/v1/audio-analysis/3H7ihDc1dqLriiWXwsc2po,166794,4
45,0.626,0.749,5,-5.406,1,0.0443,0.00515,0.0,0.215,0.6,90.033,audio_features,3fEoJxnPpfIHwFHKiFtqbA,spotify:track:3fEoJxnPpfIHwFHKiFtqbA,https://api.spotify.com/v1/tracks/3fEoJxnPpfIHwFHKiFtqbA,https://api.spotify.com/v1/audio-analysis/3fEoJxnPpfIHwFHKiFtqbA,200299,4
46,0.452,0.325,4,-8.687,0,0.0337,0.627,0.0,0.0645,0.33,97.987,audio_features,6wQgV6ZYt1snXyQV69mGT4,spotify:track:6wQgV6ZYt1snXyQV69mGT4,https://api.spotify.com/v1/tracks/6wQgV6ZYt1snXyQV69mGT4,https://api.spotify.com/v1/audio-analysis/6wQgV6ZYt1snXyQV69mGT4,205402,4
47,0.433,0.671,11,-5.549,1,0.028,0.0196,0.0,0.138,0.179,88.987,audio_features,2xAr5bhItmWXW6P5aYMOwI,spotify:track:2xAr5bhItmWXW6P5aYMOwI,https://api.spotify.com/v1/tracks/2xAr5bhItmWXW6P5aYMOwI,https://api.spotify.com/v1/audio-analysis/2xAr5bhItmWXW6P5aYMOwI,229800,4
48,0.36,0.626,5,-7.167,0,0.042,0.0102,0.00579,0.24,0.549,183.93,audio_features,7xD2RwHn65lTpFS0DVMvpS,spotify:track:7xD2RwHn65lTpFS0DVMvpS,https://api.spotify.com/v1/tracks/7xD2RwHn65lTpFS0DVMvpS,https://api.spotify.com/v1/audio-analysis/7xD2RwHn65lTpFS0DVMvpS,223427,3
49,0.843,0.741,11,-5.609,1,0.334,0.0252,0.0,0.096,0.68,168.983,audio_features,55CHeLEfn5iJ0IIkgaa4si,spotify:track:55CHeLEfn5iJ0IIkgaa4si,https://api.spotify.com/v1/tracks/55CHeLEfn5iJ0IIkgaa4si,https://api.spotify.com/v1/audio-analysis/55CHeLEfn5iJ0IIkgaa4si,155497,4
50,0.441,0.471,8,-5.446,0,0.0491,0.335,1.82e-05,0.107,0.378,101.921,audio_features,2ZH0frS6VRDzSphiwJ9pvc,spotify:track:2ZH0frS6VRDzSphiwJ9pvc,https://api.spotify.com/v1/tracks/2ZH0frS6VRDzSphiwJ9pvc,https://api.spotify.com/v1/audio-analysis/2ZH0frS6VRDzSphiwJ9pvc,214560,3
51,0.941,0.463,8,-5.993,1,0.113,0.0247,5.53e-05,0.192,0.312,127.003,audio_features,1KyZ4rUiW2lkqGNLQYKpcC,spotify:track:1KyZ4rUiW2lkqGNLQYKpcC,https://api.spotify.com/v1/tracks/1KyZ4rUiW2lkqGNLQYKpcC,https://api.spotify.com/v1/audio-analysis/1KyZ4rUiW2lkqGNLQYKpcC,187898,4
52,0.737,0.867,11,-2.259,0,0.0458,0.0398,0.0,0.32,0.506,98.05,audio_features,2fTdRdN73RgIgcUZN33dvt,spotify:track:2fTdRdN73RgIgcUZN33dvt,https://api.spotify.com/v1/tracks/2fTdRdN73RgIgcUZN33dvt,https://api.spotify.com/v1/audio-analysis/2fTdRdN73RgIgcUZN33dvt,175873,4
53,0.311,0.485,6,-5.726,0,0.0365,0.701,0.0,0.0726,0.225,77.355,audio_features,7s3VamLgN0rvQ0W0FlDST8,spotify:track:7s3VamLgN0rvQ0W0FlDST8,https://api.spotify.com/v1/tracks/7s3VamLgN0rvQ0W0FlDST8,https://api.spotify.com/v1/audio-analysis/7s3VamLgN0rvQ0W0FlDST8,208827,4
54,0.631,0.239,11,-7.071,0,0.0398,0.864,0.0,0.116,0.0927,79.859,audio_features,4y4spB9m0Q6026KfkAvy9Q,spotify:track:4y4spB9m0Q6026KfkAvy9Q,https://api.spotify.com/v1/tracks/4y4spB9m0Q6026KfkAvy9Q,https://api.spotify.com/v1/audio-analysis/4y4spB9m0Q6026KfkAvy9Q,149297,4
55,0.448,0.838,4,-5.257,0,0.0557,0.21,0.000131,0.131,0.254,139.863,audio_features,45S5WTQEGOB1VHr1Q4FuPl,spotify:track:45S5WTQEGOB1VHr1Q4FuPl,https://api.spotify.com/v1/tracks/45S5WTQEGOB1VHr1Q4FuPl,https://api.spotify.com/v1/audio-analysis/45S5WTQEGOB1VHr1Q4FuPl,208907,4
56,0.784,0.721,8,-5.457,1,0.0506,0.0149,0.00424,0.285,0.895,121.966,audio_features,6ey1DsVWoQLGjYRFJkTUfL,spotify:track:6ey1DsVWoQLGjYRFJkTUfL,https://api.spotify.com/v1/tracks/6ey1DsVWoQLGjYRFJkTUfL,https://api.spotify.com/v1/audio-analysis/6ey1DsVWoQLGjYRFJkTUfL,176219,4
57,0.637,0.856,10,-6.392,0,0.039,0.033,0.0,0.318,0.474,121.972,audio_features,30WakYO6SFo4XXV9zTsunR,spotify:track:30WakYO6SFo4XXV9zTsunR,https://api.spotify.com/v1/tracks/30WakYO6SFo4XXV9zTsunR,https://api.spotify.com/v1/audio-analysis/30WakYO6SFo4XXV9zTsunR,210613,4
58,0.768,0.742,0,-3.544,0,0.047,0.196,0.0,0.736,0.659,94.987,audio_features,2S68WpmPi4gFg9pg78alRb,spotify:track:2S68WpmPi4gFg9pg78alRb,https://api.spotify.com/v1/tracks/2S68WpmPi4gFg9pg78alRb,https://api.spotify.com/v1/audio-analysis/2S68WpmPi4gFg9pg78alRb,194049,4
59,0.746,0.765,6,-4.41,0,0.0993,0.0112,0.0,0.0936,0.737,114.044,audio_features,0t1kP63rueHleOhQkYSXFY,spotify:track:0t1kP63rueHleOhQkYSXFY,https://api.spotify.com/v1/tracks/0t1kP63rueHleOhQkYSXFY,https://api.spotify.com/v1/audio-analysis/0t1kP63rueHleOhQkYSXFY,199054,4
60,0.736,0.802,0,-4.759,1,0.0864,0.468,0.0,0.094,0.675,144.005,audio_features,7igeByaBM0MgGsgXtNxDJ7,spotify:track:7igeByaBM0MgGsgXtNxDJ7,https://api.spotify.com/v1/tracks/7igeByaBM0MgGsgXtNxDJ7,https://api.spotify.com/v1/audio-analysis/7igeByaBM0MgGsgXtNxDJ7,172325,4
61,0.738,0.621,0,-7.313,1,0.0486,0.424,7.39e-06,0.692,0.715,113.968,audio_features,7aGyRfJWtLqgJaZoG9lJhE,spotify:track:7aGyRfJWtLqgJaZoG9lJhE,https://api.spotify.com/v1/tracks/7aGyRfJWtLqgJaZoG9lJhE,https://api.spotify.com/v1/audio-analysis/7aGyRfJWtLqgJaZoG9lJhE,136839,4
62,0.803,0.715,2,-3.28,1,0.298,0.295,0.000134,0.0574,0.574,101.085,audio_features,7k4t7uLgtOxPwTpFmtJNTY,spotify:track:7k4t7uLgtOxPwTpFmtJNTY,https://api.spotify.com/v1/tracks/7k4t7uLgtOxPwTpFmtJNTY,https://api.spotify.com/v1/audio-analysis/7k4t7uLgtOxPwTpFmtJNTY,200960,4
63,0.743,0.837,1,-5.025,0,0.0649,0.0172,0.0,0.0743,0.263,103.072,audio_features,0zzVTGyRrWpQu8Fr28NRAv,spotify:track:0zzVTGyRrWpQu8Fr28NRAv,https://api.spotify.com/v1/tracks/0zzVTGyRrWpQu8Fr28NRAv,https://api.spotify.com/v1/audio-analysis/0zzVTGyRrWpQu8Fr28NRAv,159863,4
64,0.702,0.825,6,-3.787,0,0.0601,0.00883,0.0,0.0674,0.915,102.977,audio_features,463CkQjx2Zk1yXoBuierM9,spotify:track:463CkQjx2Zk1yXoBuierM9,https://api.spotify.com/v1/tracks/463CkQjx2Zk1yXoBuierM9,https://api.spotify.com/v1/audio-analysis/463CkQjx2Zk1yXoBuierM9,203064,4
65,0.746,0.611,0,-7.034,0,0.101,0.454,0.000922,0.133,0.411,149.967,audio_features,5dn6QANKbf76pANGjMBida,spotify:track:5dn6QANKbf76pANGjMBida,https://api.spotify.com/v1/tracks/5dn6QANKbf76pANGjMBida,https://api.spotify.com/v1/audio-analysis/5dn6QANKbf76pANGjMBida,172245,4
66,0.691,0.474,10,-8.742,0,0.0583,0.569,0.000626,0.099,0.381,143.783,audio_features,2KoHxhRyWxJzA0VafWd5Nk,spotify:track:2KoHxhRyWxJzA0VafWd5Nk,https://api.spotify.com/v1/tracks/2KoHxhRyWxJzA0VafWd5Nk,https://api.spotify.com/v1/audio-analysis/2KoHxhRyWxJzA0VafWd5Nk,179917,4
67,0.612,0.884,4,-4.113,0,0.0454,0.0759,0.00132,0.247,0.679,178.043,audio_features,58AGoOGbwsQMhBbH0eFLRR,spotify:track:58AGoOGbwsQMhBbH0eFLRR,https://api.spotify.com/v1/tracks/58AGoOGbwsQMhBbH0eFLRR,https://api.spotify.com/v1/audio-analysis/58AGoOGbwsQMhBbH0eFLRR,210795,4
68,0.705,0.707,0,-5.174,1,0.0534,0.0799,0.0,0.149,0.452,117.974,audio_features,7LjEQ8GsQiUNVakV6TZI0e,spotify:track:7LjEQ8GsQiUNVakV6TZI0e,https://api.spotify.com/v1/tracks/7LjEQ8GsQiUNVakV6TZI0e,https://api.spotify.com/v1/audio-analysis/7LjEQ8GsQiUNVakV6TZI0e,207734,4
69,0.712,0.676,5,-5.965,1,0.184,0.076,0.0,0.0669,0.648,106.156,audio_features,44gz3bzhdcGUFgA5oc1wSu,spotify:track:44gz3bzhdcGUFgA5oc1wSu,https://api.spotify.com/v1/tracks/44gz3bzhdcGUFgA5oc1wSu,https://api.spotify.com/v1/audio-analysis/44gz3bzhdcGUFgA5oc1wSu,213597,4
70,0.727,0.626,7,-8.415,1,0.0726,0.0469,2.58e-05,0.126,0.322,86.97,audio_features,5f1joOtoMeyppIcJGZQvqJ,spotify:track:5f1joOtoMeyppIcJGZQvqJ,https://api.spotify.com/v1/tracks/5f1joOtoMeyppIcJGZQvqJ,https://api.spotify.com/v1/audio-analysis/5f1joOtoMeyppIcJGZQvqJ,191406,4
71,0.775,0.68,7,-5.155,1,0.038,0.00544,0.0,0.047,0.929,123.005,audio_features,5ahNnBifspeXOi1sMbiXHT,spotify:track:5ahNnBifspeXOi1sMbiXHT,https://api.spotify.com/v1/tracks/5ahNnBifspeXOi1sMbiXHT,https://api.spotify.com/v1/audio-analysis/5ahNnBifspeXOi1sMbiXHT,187436,4
72,0.91,0.562,1,-5.608,0,0.0666,0.125,4.8e-05,0.0826,0.507,102.035,audio_features,3JUeBSM4bsJGwYCVRqMeuC,spotify:track:3JUeBSM4bsJGwYCVRqMeuC,https://api.spotify.com/v1/tracks/3JUeBSM4bsJGwYCVRqMeuC,https://api.spotify.com/v1/audio-analysis/3JUeBSM4bsJGwYCVRqMeuC,154818,4
73,0.653,0.667,10,-6.764,0,0.0423,0.154,0.0,0.107,0.556,104.181,audio_features,5hvwx5i67IwnCkjl9VHkNv,spotify:track:5hvwx5i67IwnCkjl9VHkNv,https://api.spotify.com/v1/tracks/5hvwx5i67IwnCkjl9VHkNv,https://api.spotify.com/v1/audio-analysis/5hvwx5i67IwnCkjl9VHkNv,213869,4
74,0.637,0.418,2,-7.137,1,0.301,0.353,0.0,0.131,0.0807,84.295,audio_features,1dLXLETYiZohIZWnse4ypG,spotify:track:1dLXLETYiZohIZWnse4ypG,https://api.spotify.com/v1/tracks/1dLXLETYiZohIZWnse4ypG,https://api.spotify.com/v1/audio-analysis/1dLXLETYiZohIZWnse4ypG,174517,4
75,0.333,0.637,1,-4.904,0,0.0581,0.131,1.8e-05,0.149,0.132,139.898,audio_features,5KCbr5ndeby4y4ggthdiAb,spotify:track:5KCbr5ndeby4y4ggthdiAb,https://api.spotify.com/v1/tracks/5KCbr5ndeby4y4ggthdiAb,https://api.spotify.com/v1/audio-analysis/5KCbr5ndeby4y4ggthdiAb,172693,4
76,0.692,0.67,2,-5.829,0,0.0871,0.0796,1.65e-05,0.248,0.445,126.004,audio_features,1RsD951uUUlJx0MRioZfev,spotify:track:1RsD951uUUlJx0MRioZfev,https://api.spotify.com/v1/tracks/1RsD951uUUlJx0MRioZfev,https://api.spotify.com/v1/audio-analysis/1RsD951uUUlJx0MRioZfev,189773,4
77,0.779,0.705,0,-3.895,1,0.0344,0.369,7.91e-06,0.124,0.946,101.022,audio_features,27u7t9d7ZQoyjsCROHuZJ3,spotify:track:27u7t9d7ZQoyjsCROHuZJ3,https://api.spotify.com/v1/tracks/27u7t9d7ZQoyjsCROHuZJ3,https://api.spotify.com/v1/audio-analysis/27u7t9d7ZQoyjsCROHuZJ3,178374,4
78,0.789,0.813,5,-4.563,1,0.0374,0.0294,2.07e-06,0.519,0.42,116.007,audio_features,6qI0MU175Dk2DeoUjlrOpy,spotify:track:6qI0MU175Dk2DeoUjlrOpy,https://api.spotify.com/v1/tracks/6qI0MU175Dk2DeoUjlrOpy,https://api.spotify.com/v1/audio-analysis/6qI0MU175Dk2DeoUjlrOpy,172133,4
79,0.673,0.704,6,-8.056,1,0.36,0.196,0.0,0.0898,0.372,86.919,audio_features,5u1n1kITHCxxp8twBcZxWy,spotify:track:5u1n1kITHCxxp8twBcZxWy,https://api.spotify.com/v1/tracks/5u1n1kITHCxxp8twBcZxWy,https://api.spotify.com/v1/audio-analysis/5u1n1kITHCxxp8twBcZxWy,212093,4
80,0.632,0.345,11,-8.0,0,0.0349,0.551,0.0,0.104,0.0818,141.641,audio_features,2qG81jL9UIP54uS8gYyP4k,spotify:track:2qG81jL9UIP54uS8gYyP4k,https://api.spotify.com/v1/tracks/2qG81jL9UIP54uS8gYyP4k,https://api.spotify.com/v1/audio-analysis/2qG81jL9UIP54uS8gYyP4k,180413,3
81,0.599,0.465,4,-4.95,1,0.0314,0.643,1.57e-06,0.149,0.0678,113.82,audio_features,50Td3qilgs8BLtv8mHyT1t,spotify:track:50Td3qilgs8BLtv8mHyT1t,https://api.spotify.com/v1/tracks/50Td3qilgs8BLtv8mHyT1t,https://api.spotify.com/v1/audio-analysis/50Td3qilgs8BLtv8mHyT1t,230880,4
82,0.79,0.729,9,-3.843,1,0.334,0.0342,9.31e-05,0.0411,0.904,159.989,audio_features,2J4P46vCFm1rPkNkp9pZWX,spotify:track:2J4P46vCFm1rPkNkp9pZWX,https://api.spotify.com/v1/tracks/2J4P46vCFm1rPkNkp9pZWX,https://api.spotify.com/v1/audio-analysis/2J4P46vCFm1rPkNkp9pZWX,175813,4
83,0.605,0.365,7,-11.144,1,0.111,0.63,6.83e-06,0.0554,0.224,84.628,audio_features,3cqPu20DGTGUoZtbJH2Dmi,spotify:track:3cqPu20DGTGUoZtbJH2Dmi,https://api.spotify.com/v1/tracks/3cqPu20DGTGUoZtbJH2Dmi,https://api.spotify.com/v1/audio-analysis/3cqPu20DGTGUoZtbJH2Dmi,193668,4
84,0.7,0.722,7,-3.558,0,0.0369,0.221,0.0,0.272,0.756,90.989,audio_features,3tjFYV6RSFtuktYl3ZtYcq,spotify:track:3tjFYV6RSFtuktYl3ZtYcq,https://api.spotify.com/v1/tracks/3tjFYV6RSFtuktYl3ZtYcq,https://api.spotify.com/v1/audio-analysis/3tjFYV6RSFtuktYl3ZtYcq,140526,4
85,0.548,0.816,0,-4.209,1,0.0465,0.122,0.0,0.335,0.557,95.39,audio_features,6UelLqGlWMcVH1E5c4H7lY,spotify:track:6UelLqGlWMcVH1E5c4H7lY,https://api.spotify.com/v1/tracks/6UelLqGlWMcVH1E5c4H7lY,https://api.spotify.com/v1/audio-analysis/6UelLqGlWMcVH1E5c4H7lY,174000,4
86,0.885,0.618,10,-5.705,0,0.0544,0.0225,2.17e-05,0.325,0.769,127.983,audio_features,6c6Pr4ALb2SD7j7UnS5YDE,spotify:track:6c6Pr4ALb2SD7j7UnS5YDE,https://api.spotify.com/v1/tracks/6c6Pr4ALb2SD7j7UnS5YDE,https://api.spotify.com/v1/audio-analysis/6c6Pr4ALb2SD7j7UnS5YDE,234375,4
87,0.75,0.664,8,-5.908,0,0.154,0.275,0.0,0.0632,0.617,105.023,audio_features,3Be7CLdHZpyzsVijme39cW,spotify:track:3Be7CLdHZpyzsVijme39cW,https://api.spotify.com/v1/tracks/3Be7CLdHZpyzsVijme39cW,https://api.spotify.com/v1/audio-analysis/3Be7CLdHZpyzsVijme39cW,208156,4
88,0.856,0.641,11,-4.64,0,0.204,0.119,4.97e-06,0.427,0.745,111.004,audio_features,11VApNQCWLJdzxWrlmwzUa,spotify:track:11VApNQCWLJdzxWrlmwzUa,https://api.spotify.com/v1/tracks/11VApNQCWLJdzxWrlmwzUa,https://api.spotify.com/v1/audio-analysis/11VApNQCWLJdzxWrlmwzUa,206221,4
89,0.783,0.912,0,-3.713,1,0.243,0.0238,0.0,0.339,0.749,98.025,audio_features,3DXdjHnePKnh6oXw2ZgGSl,spotify:track:3DXdjHnePKnh6oXw2ZgGSl,https://api.spotify.com/v1/tracks/3DXdjHnePKnh6oXw2ZgGSl,https://api.spotify.com/v1/audio-analysis/3DXdjHnePKnh6oXw2ZgGSl,166898,4
90,0.767,0.481,0,-8.52,0,0.0803,0.234,0.0,0.269,0.761,150.076,audio_features,1xQ6trAsedVPCdbtDAmk0c,spotify:track:1xQ6trAsedVPCdbtDAmk0c,https://api.spotify.com/v1/tracks/1xQ6trAsedVPCdbtDAmk0c,https://api.spotify.com/v1/audio-analysis/1xQ6trAsedVPCdbtDAmk0c,171375,4
91,0.687,0.514,9,-6.612,0,0.0897,0.366,0.0,0.116,0.494,145.921,audio_features,41L3O37CECZt3N7ziG2z7l,spotify:track:41L3O37CECZt3N7ziG2z7l,https://api.spotify.com/v1/tracks/41L3O37CECZt3N7ziG2z7l,https://api.spotify.com/v1/audio-analysis/41L3O37CECZt3N7ziG2z7l,210427,4
92,0.762,0.596,9,-8.152,1,0.075,0.29,0.0,0.0691,0.378,116.887,audio_features,6TNWeqDnqdqIQWYMWZmzTA,spotify:track:6TNWeqDnqdqIQWYMWZmzTA,https://api.spotify.com/v1/tracks/6TNWeqDnqdqIQWYMWZmzTA,https://api.spotify.com/v1/audio-analysis/6TNWeqDnqdqIQWYMWZmzTA,255153,4
93,0.642,0.374,4,-9.386,1,0.0545,0.786,0.0,0.0906,0.0799,124.099,audio_features,45bE4HXI0AwGZXfZtMp8JR,spotify:track:45bE4HXI0AwGZXfZtMp8JR,https://api.spotify.com/v1/tracks/45bE4HXI0AwGZXfZtMp8JR,https://api.spotify.com/v1/audio-analysis/45bE4HXI0AwGZXfZtMp8JR,169266,4
94,0.486,0.567,1,-6.456,1,0.0379,0.31,0.0,0.0949,0.154,93.68,audio_features,3kwgqoBqTwoAH4nT29TYrq,spotify:track:3kwgqoBqTwoAH4nT29TYrq,https://api.spotify.com/v1/tracks/3kwgqoBqTwoAH4nT29TYrq,https://api.spotify.com/v1/audio-analysis/3kwgqoBqTwoAH4nT29TYrq,211254,4
95,0.705,0.814,4,-5.466,0,0.0346,0.00115,0.00312,0.203,0.259,110.0,audio_features,27ycaQnQAxaPiyeg3nr2aB,spotify:track:27ycaQnQAxaPiyeg3nr2aB,https://api.spotify.com/v1/tracks/27ycaQnQAxaPiyeg3nr2aB,https://api.spotify.com/v1/audio-analysis/27ycaQnQAxaPiyeg3nr2aB,223279,4
96,0.789,0.711,2,-4.248,1,0.041,0.0332,0.0,0.0876,0.753,112.985,audio_features,59qrUpoplZxbIZxk6X0Bm3,spotify:track:59qrUpoplZxbIZxk6X0Bm3,https://api.spotify.com/v1/tracks/59qrUpoplZxbIZxk6X0Bm3,https://api.spotify.com/v1/audio-analysis/59qrUpoplZxbIZxk6X0Bm3,190306,4
97,0.613,0.581,0,-8.588,0,0.0424,0.537,0.000345,0.25,0.551,130.033,audio_features,4R2kfaDFhslZEMJqAFNpdd,spotify:track:4R2kfaDFhslZEMJqAFNpdd,https://api.spotify.com/v1/tracks/4R2kfaDFhslZEMJqAFNpdd,https://api.spotify.com/v1/audio-analysis/4R2kfaDFhslZEMJqAFNpdd,239560,4
98,0.648,0.641,7,-5.521,1,0.0389,0.00565,3.63e-06,0.109,0.505,184.021,audio_features,73h4oe03sZy8bXfQLfnqMv,spotify:track:73h4oe03sZy8bXfQLfnqMv,https://api.spotify.com/v1/tracks/73h4oe03sZy8bXfQLfnqMv,https://api.spotify.com/v1/audio-analysis/73h4oe03sZy8bXfQLfnqMv,180348,4
99,0.74,0.516,1,-6.233,0,0.0507,0.0183,0.0,0.0558,0.698,139.918,audio_features,0m7TguDgLue2LCaDF7B4qx,spotify:track:0m7TguDgLue2LCaDF7B4qx,https://api.spotify.com/v1/tracks/0m7TguDgLue2LCaDF7B4qx,https://api.spotify.com/v1/audio-analysis/0m7TguDgLue2LCaDF7B4qx,170858,4
100,0.816,0.677,11,-4.067,0,0.19,0.357,0.0,0.165,0.533,78.967,audio_features,6KiEsqGg0HBOSMflVH7Onx,spotify:track:6KiEsqGg0HBOSMflVH7Onx,https://api.spotify.com/v1/tracks/6KiEsqGg0HBOSMflVH7Onx,https://api.spotify.com/v1/audio-analysis/6KiEsqGg0HBOSMflVH7Onx,172747,4
101,0.777,0.357,0,-6.942,1,0.0522,0.757,7.28e-06,0.108,0.172,139.883,audio_features,0Jlcvv8IykzHaSmj49uNW8,spotify:track:0Jlcvv8IykzHaSmj49uNW8,https://api.spotify.com/v1/tracks/0Jlcvv8IykzHaSmj49uNW8,https://api.spotify.com/v1/audio-analysis/0Jlcvv8IykzHaSmj49uNW8,210252,4
102,0.298,0.38,6,-8.426,1,0.0287,0.778,5.62e-05,0.11,0.152,75.602,audio_features,4pvb0WLRcMtbPGmtejJJ6y,spotify:track:4pvb0WLRcMtbPGmtejJJ6y,https://api.spotify.com/v1/tracks/4pvb0WLRcMtbPGmtejJJ6y,https://api.spotify.com/v1/audio-analysis/4pvb0WLRcMtbPGmtejJJ6y,285634,4
103,0.602,0.377,11,-6.213,1,0.0446,0.731,0.0,0.0808,0.518,73.877,audio_features,3H3r2nKWa3Yk5gt8xgmsEt,spotify:track:3H3r2nKWa3Yk5gt8xgmsEt,https://api.spotify.com/v1/tracks/3H3r2nKWa3Yk5gt8xgmsEt,https://api.spotify.com/v1/audio-analysis/3H3r2nKWa3Yk5gt8xgmsEt,194853,4
104,0.357,0.425,5,-7.301,1,0.0333,0.584,0.0,0.322,0.27,102.078,audio_features,4xqrdfXkTW4T0RauPLv3WA,spotify:track:4xqrdfXkTW4T0RauPLv3WA,https://api.spotify.com/v1/tracks/4xqrdfXkTW4T0RauPLv3WA,https://api.spotify.com/v1/audio-analysis/4xqrdfXkTW4T0RauPLv3WA,198040,3
105,0.612,0.539,3,-5.071,1,0.0488,0.104,0.0,0.18,0.294,79.948,audio_features,4P6IttK2PRBjyr3fm0pP7t,spotify:track:4P6IttK2PRBjyr3fm0pP7t,https://api.spotify.com/v1/tracks/4P6IttK2PRBjyr3fm0pP7t,https://api.spotify.com/v1/audio-analysis/4P6IttK2PRBjyr3fm0pP7t,186480,4
106,0.571,0.693,6,-8.234,0,0.0545,0.00536,0.0,0.173,0.393,168.169,audio_features,0EhpEsp4L0oRGM0vmeaN5e,spotify:track:0EhpEsp4L0oRGM0vmeaN5e,https://api.spotify.com/v1/tracks/0EhpEsp4L0oRGM0vmeaN5e,https://api.spotify.com/v1/audio-analysis/0EhpEsp4L0oRGM0vmeaN5e,232253,4
107,0.647,0.844,0,-3.756,1,0.0457,0.0137,0.000658,0.102,0.746,146.967,audio_features,3AzjcOeAmA57TIOr9zF1ZW,spotify:track:3AzjcOeAmA57TIOr9zF1ZW,https://api.spotify.com/v1/tracks/3AzjcOeAmA57TIOr9zF1ZW,https://api.spotify.com/v1/audio-analysis/3AzjcOeAmA57TIOr9zF1ZW,193829,4
108,0.514,0.73,1,-5.934,1,0.0598,0.00146,9.54e-05,0.0897,0.334,171.005,audio_features,0VjIjW4GlUZAMYd2vXMi3b,spotify:track:0VjIjW4GlUZAMYd2vXMi3b,https://api.spotify.com/v1/tracks/0VjIjW4GlUZAMYd2vXMi3b,https://api.spotify.com/v1/audio-analysis/0VjIjW4GlUZAMYd2vXMi3b,200040,4
109,0.667,0.719,7,-5.371,0,0.0346,0.00285,8.1e-05,0.0736,0.717,100.021,audio_features,7szuecWAPwGoV1e5vGu8tl,spotify:track:7szuecWAPwGoV1e5vGu8tl,https://api.spotify.com/v1/tracks/7szuecWAPwGoV1e5vGu8tl,https://api.spotify.com/v1/audio-analysis/7szuecWAPwGoV1e5vGu8tl,237520,4
110,0.692,0.754,3,-6.608,1,0.0919,0.431,0.00598,0.333,0.564,104.981,audio_features,6p03zfug7944jEQhNGpEbF,spotify:track:6p03zfug7944jEQhNGpEbF,https://api.spotify.com/v1/tracks/6p03zfug7944jEQhNGpEbF,https://api.spotify.com/v1/audio-analysis/6p03zfug7944jEQhNGpEbF,208000,4
111,0.596,0.765,4,-5.691,1,0.215,0.18,0.0,0.0822,0.785,181.991,audio_features,2dKyeWBPwhqMfPetw8PiFg,spotify:track:2dKyeWBPwhqMfPetw8PiFg,https://api.spotify.com/v1/tracks/2dKyeWBPwhqMfPetw8PiFg,https://api.spotify.com/v1/audio-analysis/2dKyeWBPwhqMfPetw8PiFg,195743,4
112,0.769,0.924,5,-2.771,1,0.0595,0.328,0.0,0.136,0.848,115.084,audio_features,2ckOGagU3jzXZMOZSnrYuJ,spotify:track:2ckOGagU3jzXZMOZSnrYuJ,https://api.spotify.com/v1/tracks/2ckOGagU3jzXZMOZSnrYuJ,https://api.spotify.com/v1/audio-analysis/2ckOGagU3jzXZMOZSnrYuJ,178443,4
113,0.63,0.633,4,-7.088,1,0.0457,0.00776,0.0,0.0541,0.452,93.995,audio_features,3Z8FwOEN59mRMxDCtb8N0A,spotify:track:3Z8FwOEN59mRMxDCtb8N0A,https://api.spotify.com/v1/tracks/3Z8FwOEN59mRMxDCtb8N0A,https://api.spotify.com/v1/audio-analysis/3Z8FwOEN59mRMxDCtb8N0A,172762,4
114,0.693,0.835,6,-3.242,1,0.0623,0.131,0.0,0.073,0.743,128.057,audio_features,7vgv8KZBSo0TPzyIWG9yzV,spotify:track:7vgv8KZBSo0TPzyIWG9yzV,https://api.spotify.com/v1/tracks/7vgv8KZBSo0TPzyIWG9yzV,https://api.spotify.com/v1/audio-analysis/7vgv8KZBSo0TPzyIWG9yzV,180283,4
115,0.715,0.827,4,-5.09,0,0.0617,0.0485,3.61e-05,0.321,0.75,117.977,audio_features,77fvnWALKJR0ws1VUx09CY,spotify:track:77fvnWALKJR0ws1VUx09CY,https://api.spotify.com/v1/tracks/77fvnWALKJR0ws1VUx09CY,https://api.spotify.com/v1/audio-analysis/77fvnWALKJR0ws1VUx09CY,185277,4
116,0.746,0.69,11,-7.956,1,0.164,0.247,0.0,0.101,0.497,89.977,audio_features,7ytR5pFWmSjzHJIeQkgog4,spotify:track:7ytR5pFWmSjzHJIeQkgog4,https://api.spotify.com/v1/tracks/7ytR5pFWmSjzHJIeQkgog4,https://api.spotify.com/v1/audio-analysis/7ytR5pFWmSjzHJIeQkgog4,181733,4
117,0.672,0.855,9,-3.764,1,0.0397,0.021,0.0,0.323,0.646,123.056,audio_features,24ySl2hOPGCDcxBxFIqWBu,spotify:track:24ySl2hOPGCDcxBxFIqWBu,https://api.spotify.com/v1/tracks/24ySl2hOPGCDcxBxFIqWBu,https://api.spotify.com/v1/audio-analysis/24ySl2hOPGCDcxBxFIqWBu,182200,4
118,0.597,0.45,8,-6.658,1,0.0418,0.223,0.0,0.382,0.537,178.765,audio_features,4HBZA5flZLE435QTztThqH,spotify:track:4HBZA5flZLE435QTztThqH,https://api.spotify.com/v1/tracks/4HBZA5flZLE435QTztThqH,https://api.spotify.com/v1/audio-analysis/4HBZA5flZLE435QTztThqH,228482,3
119,0.638,0.688,1,-4.056,0,0.0407,0.00775,0.0,0.126,0.434,129.856,audio_features,76nqCfJOcFFWBJN32PAksn,spotify:track:76nqCfJOcFFWBJN32PAksn,https://api.spotify.com/v1/tracks/76nqCfJOcFFWBJN32PAksn,https://api.spotify.com/v1/audio-analysis/76nqCfJOcFFWBJN32PAksn,162399,4
120,0.754,0.583,4,-7.34,0,0.0432,0.32,0.00015,0.144,0.77,122.012,audio_features,6xZ4Q2k2ompmDppyeESIY8,spotify:track:6xZ4Q2k2ompmDppyeESIY8,https://api.spotify.com/v1/tracks/6xZ4Q2k2ompmDppyeESIY8,https://api.spotify.com/v1/audio-analysis/6xZ4Q2k2ompmDppyeESIY8,220051,4
121,0.834,0.454,1,-9.75,0,0.201,0.321,6.15e-06,0.114,0.837,81.618,audio_features,127QTOFJsJQp5LbJbu3A1y,spotify:track:127QTOFJsJQp5LbJbu3A1y,https://api.spotify.com/v1/tracks/127QTOFJsJQp5LbJbu3A1y,https://api.spotify.com/v1/audio-analysis/127QTOFJsJQp5LbJbu3A1y,247059,4
122,0.811,0.512,2,-6.381,1,0.17,0.218,0.0262,0.0768,0.346,92.046,audio_features,4QnC1bIaMSfDQvF4XDhV5M,spotify:track:4QnC1bIaMSfDQvF4XDhV5M,https://api.spotify.com/v1/tracks/4QnC1bIaMSfDQvF4XDhV5M,https://api.spotify.com/v1/audio-analysis/4QnC1bIaMSfDQvF4XDhV5M,161188,4
123,0.832,0.655,3,-6.195,0,0.0676,0.488,0.0,0.103,0.783,94.998,audio_features,7i9AEaOWJrfVBsinUSefma,spotify:track:7i9AEaOWJrfVBsinUSefma,https://api.spotify.com/v1/tracks/7i9AEaOWJrfVBsinUSefma,https://api.spotify.com/v1/audio-analysis/7i9AEaOWJrfVBsinUSefma,236973,4
124,0.799,0.847,11,-3.022,0,0.0541,0.0597,0.0,0.044,0.67,99.991,audio_features,7mtxlSJQej3cCBXySgEjlY,spotify:track:7mtxlSJQej3cCBXySgEjlY,https://api.spotify.com/v1/tracks/7mtxlSJQej3cCBXySgEjlY,https://api.spotify.com/v1/audio-analysis/7mtxlSJQej3cCBXySgEjlY,225267,4
125,0.73,0.729,4,-3.434,0,0.0886,0.167,1.39e-06,0.349,0.467,113.012,audio_features,1raaNykBg1bDnWENUiglUA,spotify:track:1raaNykBg1bDnWENUiglUA,https://api.spotify.com/v1/tracks/1raaNykBg1bDnWENUiglUA,https://api.spotify.com/v1/audio-analysis/1raaNykBg1bDnWENUiglUA,221820,4
126,0.863,0.631,7,-4.689,1,0.0534,0.305,3.04e-05,0.123,0.817,128.977,audio_features,4nK5YrxbMGZstTLbvj6Gxw,spotify:track:4nK5YrxbMGZstTLbvj6Gxw,https://api.spotify.com/v1/tracks/4nK5YrxbMGZstTLbvj6Gxw,https://api.spotify.com/v1/audio-analysis/4nK5YrxbMGZstTLbvj6Gxw,223480,4
127,0.57,0.672,8,-5.89,0,0.0723,0.177,0.0,0.0768,0.448,120.019,audio_features,61ZM92T2zaXIVsqncThQzC,spotify:track:61ZM92T2zaXIVsqncThQzC,https://api.spotify.com/v1/tracks/61ZM92T2zaXIVsqncThQzC,https://api.spotify.com/v1/audio-analysis/61ZM92T2zaXIVsqncThQzC,208222,4
128,0.567,0.267,4,-6.502,1,0.0299,0.839,1.46e-06,0.089,0.0592,110.011,audio_features,1ZMiCix7XSAbfAJlEZWMCp,spotify:track:1ZMiCix7XSAbfAJlEZWMCp,https://api.spotify.com/v1/tracks/1ZMiCix7XSAbfAJlEZWMCp,https://api.spotify.com/v1/audio-analysis/1ZMiCix7XSAbfAJlEZWMCp,240133,4
129,0.806,0.546,9,-6.637,1,0.0575,0.3,0.0,0.102,0.874,147.986,audio_features,4umIPjkehX1r7uhmGvXiSV,spotify:track:4umIPjkehX1r7uhmGvXiSV,https://api.spotify.com/v1/tracks/4umIPjkehX1r7uhmGvXiSV,https://api.spotify.com/v1/audio-analysis/4umIPjkehX1r7uhmGvXiSV,212867,4
130,0.896,0.586,10,-6.687,0,0.0559,0.104,0.0,0.79,0.642,116.971,audio_features,0nbXyq5TXYPCO7pr3N8S4I,spotify:track:0nbXyq5TXYPCO7pr3N8S4I,https://api.spotify.com/v1/tracks/0nbXyq5TXYPCO7pr3N8S4I,https://api.spotify.com/v1/audio-analysis/0nbXyq5TXYPCO7pr3N8S4I,196653,4
131,0.745,0.74,10,-5.719,0,0.0697,0.116,0.0,0.117,0.544,120.014,audio_features,0GWYApQBwErVPkyXYCTJjI,spotify:track:0GWYApQBwErVPkyXYCTJjI,https://api.spotify.com/v1/tracks/0GWYApQBwErVPkyXYCTJjI,https://api.spotify.com/v1/audio-analysis/0GWYApQBwErVPkyXYCTJjI,204176,4
132,0.483,0.361,0,-7.889,1,0.0738,0.832,4.66e-06,0.098,0.307,171.649,audio_features,2ZTYlnhhV1UAReg7wIGolx,spotify:track:2ZTYlnhhV1UAReg7wIGolx,https://api.spotify.com/v1/tracks/2ZTYlnhhV1UAReg7wIGolx,https://api.spotify.com/v1/audio-analysis/2ZTYlnhhV1UAReg7wIGolx,193795,4
133,0.656,0.722,0,-4.726,0,0.0478,0.556,0.0,0.134,0.301,90.097,audio_features,3FGiFUJRRp5RGikVrs6kig,spotify:track:3FGiFUJRRp5RGikVrs6kig,https://api.spotify.com/v1/tracks/3FGiFUJRRp5RGikVrs6kig,https://api.spotify.com/v1/audio-analysis/3FGiFUJRRp5RGikVrs6kig,208208,4
134,0.852,0.698,9,-7.206,1,0.0629,0.00839,1.03e-06,0.0773,0.324,113.039,audio_features,4wNIkl5XGiAACjFBlDWuSd,spotify:track:4wNIkl5XGiAACjFBlDWuSd,https://api.spotify.com/v1/tracks/4wNIkl5XGiAACjFBlDWuSd,https://api.spotify.com/v1/audio-analysis/4wNIkl5XGiAACjFBlDWuSd,180645,4
135,0.459,0.575,3,-4.858,1,0.0573,0.604,0.0,0.0885,0.183,111.881,audio_features,7ce20yLkzuXXLUhzIDoZih,spotify:track:7ce20yLkzuXXLUhzIDoZih,https://api.spotify.com/v1/tracks/7ce20yLkzuXXLUhzIDoZih,https://api.spotify.com/v1/audio-analysis/7ce20yLkzuXXLUhzIDoZih,215107,4
136,0.838,0.545,5,-6.713,1,0.0706,0.208,8.01e-05,0.103,0.631,114.998,audio_features,7HMmFQsKsljwTw8bS7lu19,spotify:track:7HMmFQsKsljwTw8bS7lu19,https://api.spotify.com/v1/tracks/7HMmFQsKsljwTw8bS7lu19,https://api.spotify.com/v1/audio-analysis/7HMmFQsKsljwTw8bS7lu19,220590,4
137,0.724,0.491,8,-6.024,1,0.0296,0.018,1.29e-05,0.0887,0.383,105.046,audio_features,3yOlyBJuViE2YSGn3nVE1K,spotify:track:3yOlyBJuViE2YSGn3nVE1K,https://api.spotify.com/v1/tracks/3yOlyBJuViE2YSGn3nVE1K,https://api.spotify.com/v1/audio-analysis/3yOlyBJuViE2YSGn3nVE1K,170746,4
138,0.704,0.225,6,-14.454,0,0.0994,0.902,0.657,0.106,0.243,120.006,audio_features,3ZCTVFBt2Brf31RLEnCkWJ,spotify:track:3ZCTVFBt2Brf31RLEnCkWJ,https://api.spotify.com/v1/tracks/3ZCTVFBt2Brf31RLEnCkWJ,https://api.spotify.com/v1/audio-analysis/3ZCTVFBt2Brf31RLEnCkWJ,245426,4
